region,year,digital_payments_via_internet_share_pct,electronic_payment_orders_total_bln_rub,electronic_payment_orders_via_internet_bln_rub
Алтайский край,2014,56.09608907637379,945.050774,530.136524
Алтайский край,2015,81.71380422901713,1098.568546,897.682151
Алтайский край,2016,93.79379321753719,1209.177967,1134.133882
Алтайский край,2017,97.7153696677479,1233.51632,1205.335032
Алтайский край,2018,98.06847058071524,1227.398908,1203.691337
Алтайский край,2019,98.6628643163719,1254.99747,1238.216451
Алтайский край,2020,98.99476916476956,1450.972104,1436.386485
Алтайский край,2021,99.21935922244765,1756.246073,1742.5361
Алтайский край,2022,98.97748341364047,1957.58448,1937.567854
Алтайский край,2023,98.99987238882206,2201.358882,2179.342484
Амурская область,2014,59.96497299728788,437.894162,262.583116
Амурская область,2015,83.65184002266153,322.971919,270.171953
Амурская область,2016,91.18798052709074,608.415099,554.801442
Амурская область,2017,93.13079026352689,745.890706,694.653909
Амурская область,2018,92.17120237126701,782.855068,721.566929
Амурская область,2019,93.75561723996934,855.269897,801.863571
Амурская область,2020,93.82500538471557,888.305973,833.453127
Амурская область,2021,80.5859698906283,1219.784005,982.974771
Амурская область,2022,98.28781534715183,1278.976947,1257.0785
Амурская область,2023,98.25562404484616,1451.221047,1425.906296
Архангельская область,2014,89.76778339522325,814.0081980000001,730.717116
Архангельская область,2015,93.82410400432843,992.653763,931.348499
Архангельская область,2016,97.46607151227299,941.973387,918.104455
Архангельская область,2017,98.47120845481425,778.868253,766.960981
Архангельская область,2018,98.47326642410104,771.047954,759.276106
Архангельская область,2019,98.12473476901577,655.023396,642.73997
Архангельская область,2020,98.32676654307866,628.669894,618.150779
Архангельская область,2021,98.72755134286557,718.658466,709.513906
Архангельская область,2022,97.82057256385937,843.700859,825.313011
Архангельская область,2023,98.27960304905403,903.500555,887.956759
Астраханская область,2014,59.2525947786364,417.20013600000004,247.20190599999998
Астраханская область,2015,92.16148048799238,478.511088,441.002903
Астраханская область,2016,95.41641862516114,467.100925,445.690974
Астраханская область,2017,96.09616954394649,279.39989,268.492592
Астраханская область,2018,97.36959837319374,332.977326,324.218685
Астраханская область,2019,96.89206372825848,313.381104,303.641419
Астраханская область,2020,96.72408712036675,307.215557,297.151443
Астраханская область,2021,96.8206790080428,314.675713,304.671162
Астраханская область,2022,96.41146250004859,321.68375,310.140008
Астраханская область,2023,96.51426294858665,380.057985,366.810163
Белгородская область,2014,69.86786157027746,1482.6853959999999,1035.92058
Белгородская область,2015,69.61728365129906,1751.965084,1219.670502
Белгородская область,2016,90.61752145183115,1812.505876,1642.447901
Белгородская область,2017,93.48523406801964,1819.654969,1701.108707
Белгородская область,2018,98.61564812191416,1986.106382,1958.611681
Белгородская область,2019,99.14860236770645,1970.832824,1954.0532
Белгородская область,2020,99.38985490698825,2127.106511,2114.128075
Белгородская область,2021,99.57639568311075,2849.97072,2837.898121
Белгородская область,2022,99.36628396389604,3058.357355,3038.976054
Белгородская область,2023,99.44970295093523,3552.665789,3533.115574
Брянская область,2014,68.48500138751903,336.98997199999997,230.78758699999997
Брянская область,2015,76.99160336598266,429.633588,330.781788
Брянская область,2016,90.84194951957684,388.595554,353.007777
Брянская область,2017,97.76163604039587,459.423766,449.14019
Брянская область,2018,98.87574232724373,600.545957,593.794273
Брянская область,2019,98.73918650139947,609.683114,601.996147
Брянская область,2020,98.54682067969067,653.659178,644.160338
Брянская область,2021,98.8903607097316,774.633079,766.037446
Брянская область,2022,98.67511066185767,897.032881,885.148188
Брянская область,2023,98.90025243928626,992.8724,981.95331
Владимирская область,2014,50.73982971708809,611.9254060000001,310.489909
Владимирская область,2015,71.55639931295447,664.088728,475.197982
Владимирская область,2016,91.64214080125515,745.717145,683.391156
Владимирская область,2017,98.49025033361455,636.109099,626.505444
Владимирская область,2018,98.740856044604,675.6704,667.162737
Владимирская область,2019,98.72865982846375,733.416375,724.092158
Владимирская область,2020,98.89401947702534,810.405682,801.442753
Владимирская область,2021,99.23229623647403,1054.545957,1046.450168
Владимирская область,2022,98.91307617706265,1210.887343,1197.72592
Владимирская область,2023,99.05759756644352,1412.872731,1399.557784
Волгоградская область,2014,75.16294551476206,1930.822861,1451.263335
Волгоградская область,2015,84.34371995440841,2268.59404,1913.416604
Волгоградская область,2016,93.11665316534157,2229.884832,2076.394125
Волгоградская область,2017,91.52526071145176,1430.896773,1309.632002
Волгоградская область,2018,92.43277025901673,1122.438989,1037.501452
Волгоградская область,2019,95.60256541972672,1210.488548,1157.258106
Волгоградская область,2020,97.63832935095056,1438.858844,1404.877737
Волгоградская область,2021,97.98751532770561,1733.817876,1698.925057
Волгоградская область,2022,98.67983381364024,2013.643,1987.059566
Волгоградская область,2023,99.02199849597788,2836.85985,2809.115318
Вологодская область,2014,88.03528915708542,1087.4788509999998,957.365151
Вологодская область,2015,92.36426778555047,1072.067494,990.207291
Вологодская область,2016,97.66501640167681,1208.407546,1180.191428
Вологодская область,2017,99.09150533198058,1094.726513,1084.780981
Вологодская область,2018,99.08906764680663,1195.153401,1184.266362
Вологодская область,2019,99.08646571331235,913.096544,904.755094
Вологодская область,2020,99.17270025503393,870.298709,863.09873
Вологодская область,2021,99.42637407159917,1093.018061,1086.748226
Вологодская область,2022,99.17799040102845,1270.417768,1259.974812
Вологодская область,2023,99.3262222845489,1534.85189,1524.5104
Воронежская область,2014,73.63271138474421,4190.731376,3085.7491389999996
Воронежская область,2015,81.21271292563823,5412.618272,4395.734139
Воронежская область,2016,87.51154466583911,6105.174544,5342.732548
Воронежская область,2017,90.13168432363294,6428.180338,5793.82721
Воронежская область,2018,91.45274662742841,6743.03923,6166.694582
Воронежская область,2019,95.87287897953168,7075.666925,6783.645588
Воронежская область,2020,94.51024845730257,7014.193393,6629.131603
Воронежская область,2021,98.17458318376356,6342.917079,6227.132404
Воронежская область,2022,98.03014118636753,6819.463358,6685.129558
Воронежская область,2023,97.90518901436216,7002.814574,6856.118845
Еврейская автономная область,2014,56.55195823645591,33.051218,18.691111
Еврейская автономная область,2015,85.08087971010454,29.182659,24.828863
Еврейская автономная область,2016,85.11814447869739,31.443196,26.763865
Еврейская автономная область,2017,71.59678170940501,40.769718,29.189806
Еврейская автономная область,2018,86.67811231847672,38.048219,32.979478
Еврейская автономная область,2019,97.96375921783046,33.947115,33.25587
Еврейская автономная область,2020,98.17659980651563,37.003506,36.328784
Еврейская автономная область,2021,98.27118783256915,39.234511,38.55622
Еврейская автономная область,2022,97.69926240583945,42.676314,41.694444
Еврейская автономная область,2023,98.04334470577564,48.934373,47.976896
Забайкальский край,2014,91.92600714652416,234.437884,215.509386
Забайкальский край,2015,95.59383550067207,270.79831,258.866491
Забайкальский край,2016,91.96355026017977,310.958269,285.968264
Забайкальский край,2017,96.28796535663992,347.239297,334.349654
Забайкальский край,2018,98.26800932046724,341.775569,335.856048
Забайкальский край,2019,98.2126079885465,344.834371,338.670829
Забайкальский край,2020,98.38797298825789,362.069057,356.232406
Забайкальский край,2021,98.66396133909726,423.503613,417.845441
Забайкальский край,2022,98.17868609430421,451.798011,443.569351
Забайкальский край,2023,98.50717824304218,543.711529,535.594885
Ивановская область,2014,83.98951344361663,484.85316,407.22581
Ивановская область,2015,90.98852111937016,442.989797,403.069865
Ивановская область,2016,96.4312206939826,508.902525,490.740917
Ивановская область,2017,98.39755410521244,625.785871,615.757991
Ивановская область,2018,98.73473314131618,615.713353,607.922936
Ивановская область,2019,98.12977451635416,613.039449,601.574229
Ивановская область,2020,97.95676102326762,635.615273,622.628134
Ивановская область,2021,98.4606398104607,738.662665,727.291986
Ивановская область,2022,97.59892266247937,797.794919,778.639246
Ивановская область,2023,98.19489644966836,930.16071,913.370346
Иркутская область,2014,88.90175746800219,1818.17535,1616.3898399999998
Иркутская область,2015,85.80331995251558,2032.43931,1743.900404
Иркутская область,2016,92.05622298733793,2240.721633,2062.723703
Иркутская область,2017,98.25528513984445,2254.621136,2215.284426
Иркутская область,2018,98.47084238948784,2513.512586,2475.077017
Иркутская область,2019,98.62303041285905,2389.218419,2356.319608
Иркутская область,2020,98.7049723920635,2343.990106,2313.634787
Иркутская область,2021,98.91174486557681,2795.791266,2765.365924
Иркутская область,2022,98.879794277685,3252.720931,3216.283765
Иркутская область,2023,98.88738173760412,3636.724056,3596.2612
Кабардино-Балкарская Республика,2014,83.39596756361624,181.21267899999998,151.124067
Кабардино-Балкарская Республика,2015,84.00981396035466,187.677954,157.6679
Кабардино-Балкарская Республика,2016,81.49529941400613,181.32101,147.7681
Кабардино-Балкарская Республика,2017,81.77659839085003,164.569495,134.579335
Кабардино-Балкарская Республика,2018,87.74849050456757,156.078147,136.956218
Кабардино-Балкарская Республика,2019,80.8163865375153,194.161335,156.914175
Кабардино-Балкарская Республика,2020,87.18674114370964,205.562225,179.223005
Кабардино-Балкарская Республика,2021,95.88558398011088,213.177106,204.406113
Кабардино-Балкарская Республика,2022,96.11713132634274,242.089259,232.689251
Кабардино-Балкарская Республика,2023,97.18148206592625,282.617077,274.651464
Калининградская область,2014,73.12542185192183,909.0615809999999,664.755116
Калининградская область,2015,81.52249272967634,951.823514,775.950255
Калининградская область,2016,86.24119008895565,993.35566,856.681743
Калининградская область,2017,81.98993246009188,1112.20021,911.892201
Калининградская область,2018,93.06155068980117,1158.068776,1077.716761
Калининградская область,2019,96.76178892573942,1079.286254,1044.336687
Калининградская область,2020,97.69756170672214,1112.824829,1087.202724
Калининградская область,2021,97.34751257408509,1424.07578,1386.302349
Калининградская область,2022,97.52306317683966,1434.728842,1399.191515
Калининградская область,2023,97.41882795557815,1310.299756,1276.478665
Калужская область,2014,82.14053957260488,731.9673319999999,601.2419160000001
Калужская область,2015,91.55055953295243,872.840282,799.090162
Калужская область,2016,98.29373894285605,871.900108,857.023216
Калужская область,2017,98.15432397396225,843.903035,828.327319
Калужская область,2018,98.17579061593771,915.235123,898.539318
Калужская область,2019,98.34333374942885,975.328917,959.170972
Калужская область,2020,98.66045785666915,995.553523,982.217664
Калужская область,2021,98.86082318777434,1249.878232,1235.639909
Калужская область,2022,98.62480347718198,1462.20934,1442.101088
Калужская область,2023,98.7499946268832,1667.560992,1646.71639
Камчатский край,2014,98.07440942603202,227.942277,223.553042
Камчатский край,2015,95.78885527098302,241.807315,231.624459
Камчатский край,2016,96.83978357533617,289.335785,280.192148
Камчатский край,2017,98.22485444205056,308.205599,302.734501
Камчатский край,2018,97.0870843997306,321.548005,312.181583
Камчатский край,2019,98.55582756903415,328.282752,323.541783
Камчатский край,2020,98.53331874224895,311.24029,306.675387
Камчатский край,2021,98.85066126683715,353.323253,349.262372
Камчатский край,2022,98.41440530692739,439.341531,432.375355
Камчатский край,2023,98.66764394135903,453.095399,447.058555
Карачаево-Черкесская Республика,2014,70.71320200400092,111.077394,78.546382
Карачаево-Черкесская Республика,2015,92.34115081200541,116.565972,107.63836
Карачаево-Черкесская Республика,2016,53.573363185512804,156.849296,84.029443
Карачаево-Черкесская Республика,2017,78.65850971506705,93.198379,73.308456
Карачаево-Черкесская Республика,2018,82.75295164092891,98.151844,81.223548
Карачаево-Черкесская Республика,2019,80.97210087783736,113.690423,92.057524
Карачаево-Черкесская Республика,2020,92.91766592265861,107.154307,99.565281
Карачаево-Черкесская Республика,2021,98.33124217073197,85.373562,83.948884
Карачаево-Черкесская Республика,2022,97.94273325446487,89.915953,88.066142
Карачаево-Черкесская Республика,2023,98.54484865863967,125.497187,123.671013
Кемеровская область,2014,91.43014277570309,1744.9267949999999,1595.38906
Кемеровская область,2015,92.70976503243564,1758.785095,1630.565529
Кемеровская область,2016,94.4435642617947,2164.847389,2044.559035
Кемеровская область,2017,94.16050057367048,2341.051296,2204.345619
Кемеровская область - Кузбасс,2022,98.9141030202477,2436.474223,2410.016623
Кемеровская область - Кузбасс,2023,99.10203421268622,2679.214881,2655.156448
Кемеровская область-Кузбасс,2018,94.27021515380382,2499.036366,2355.846959
Кемеровская область-Кузбасс,2019,93.54365754230788,2302.52746,2153.868402
Кемеровская область-Кузбасс,2020,95.78805174913423,2280.75777,2184.693433
Кемеровская область-Кузбасс,2021,96.1615923407217,2802.437405,2694.868433
Кировская область,2014,83.98671634349452,779.613655,654.771909
Кировская область,2015,86.52233464502986,799.603664,691.835758
Кировская область,2016,95.97917275537604,861.912957,827.256926
Кировская область,2017,95.82854197500109,867.47669,831.290264
Кировская область,2018,94.61586892695259,1037.852241,981.972916
Кировская область,2019,98.94516551485219,1003.224501,992.642143
Кировская область,2020,98.8838367190613,1076.40219,1064.387784
Кировская область,2021,99.04332117958631,1227.499632,1215.756403
Кировская область,2022,98.66885555117358,1260.723133,1243.941087
Кировская область,2023,98.94149674280769,1552.305946,1535.874737
Костромская область,2014,64.92916371815653,304.976058,198.018404
Костромская область,2015,55.608950924493406,357.543492,198.826185
Костромская область,2016,67.58154436533576,430.546364,290.969882
Костромская область,2017,87.8766931328461,475.068821,417.47477
Костромская область,2018,87.22782736308294,446.334407,389.327806
Костромская область,2019,86.92686755150481,542.725313,471.774114
Костромская область,2020,90.60794254307847,622.564228,564.092638
Костромская область,2021,51.187806448561915,1242.53316,636.025469
Костромская область,2022,40.36366222710565,2232.689291,901.195164
Костромская область,2023,43.81845485301516,2715.962482,1190.092794
Краснодарский край,2014,68.42815581198332,5650.553374,3866.5694670000003
Краснодарский край,2015,79.36449738661658,6990.901259,5548.293647
Краснодарский край,2016,93.9808203845907,7870.854174,7397.093324
Краснодарский край,2017,96.60608097363746,8564.937871,8274.250815
Краснодарский край,2018,93.58624289499336,9702.052164,9079.786104
Краснодарский край,2019,89.07249268723665,10745.321393,9571.125612
Краснодарский край,2020,90.56170722400925,10731.955069,9719.041729
Краснодарский край,2021,94.3074013721492,13087.562407,12342.540009
Краснодарский край,2022,97.04737851432141,15399.352142,14944.667562
Краснодарский край,2023,96.65731579012947,20382.899497,19701.563534
Красноярский край,2014,57.27841017329369,3826.436665,2191.722088
Красноярский край,2015,78.21046459329226,4541.130178,3551.63901
Красноярский край,2016,92.10933928511608,5473.413946,5041.525422
Красноярский край,2017,94.57260855869701,6415.737261,6067.530086
Красноярский край,2018,95.46635333384287,7785.235639,7432.280563
Красноярский край,2019,91.65262248463122,9190.317481,8423.166986
Красноярский край,2020,88.20599607984366,9695.151585,8551.705027
Красноярский край,2021,91.13007088251354,9559.737037,8711.795138
Красноярский край,2022,92.73122687122593,10534.979032,9769.215307
Красноярский край,2023,93.37646523261604,10604.237566,9901.862204
Курганская область,2014,26.918192260383684,307.291512,82.71732
Курганская область,2015,63.16770708694125,299.323111,189.075546
Курганская область,2016,82.88779368793638,365.610225,303.046249
Курганская область,2017,94.8057481274014,351.332366,333.083278
Курганская область,2018,92.29896548762181,342.760326,316.364235
Курганская область,2019,88.40724701636107,346.749983,306.552114
Курганская область,2020,85.55082260734677,362.27126,309.926043
Курганская область,2021,97.69080051542842,339.114401,331.283573
Курганская область,2022,97.02766701295015,393.612965,381.913477
Курганская область,2023,97.2194253760234,435.89375,423.773399
Курская область,2014,74.80128282635783,661.4737799999999,494.790873
Курская область,2015,82.34335241054134,696.796407,573.765521
Курская область,2016,84.93589840015402,712.652104,605.297467
Курская область,2017,96.8839730151022,755.60931,732.06432
Курская область,2018,98.08091534831614,754.494336,740.014951
Курская область,2019,98.30963585550366,754.231391,741.482134
Курская область,2020,98.00103915443914,797.796717,781.849073
Курская область,2021,98.86397562215758,1171.073285,1157.769607
Курская область,2022,98.30698797281804,1072.54052,1054.38228
Курская область,2023,98.64224842093631,1212.913559,1196.445206
Ленинградская область,2014,85.73088047841591,399.659621,342.631712
Ленинградская область,2015,83.60487670132753,289.576151,242.099784
Ленинградская область,2016,85.2896292899171,235.277361,200.667189
Ленинградская область,2017,99.25582099898368,180.778549,179.433233
Ленинградская область,2018,99.22125365669709,178.152233,176.764879
Ленинградская область,2019,96.16807163047318,28.548185,27.454239
Ленинградская область,2020,95.8970246916743,30.914712,29.646289
Ленинградская область,2021,94.86065780704357,45.540011,43.199554
Ленинградская область,2022,92.49003908160881,48.079904,44.469122
Ленинградская область,2023,91.7592162826933,60.913903,55.89412
Липецкая область,2014,38.51036321583485,802.5095329999999,309.04933600000004
Липецкая область,2015,50.32959688045804,830.589627,418.032411
Липецкая область,2016,49.6637920612663,999.817111,496.547091
Липецкая область,2017,89.7491999120931,1234.733698,1108.163615
Липецкая область,2018,93.63102940916987,1026.081155,960.730348
Липецкая область,2019,97.31510024000146,696.858679,678.148722
Липецкая область,2020,99.02280896775866,732.097488,724.943497
Липецкая область,2021,99.21087475965473,834.295073,827.71144
Липецкая область,2022,98.84613620064091,993.344709,981.882864
Липецкая область,2023,98.94718245764663,1041.557493,1030.591793
Магаданская область,2014,56.89743204576679,113.277564,64.45202499999999
Магаданская область,2015,65.49334389727011,113.669745,74.446117
Магаданская область,2016,77.9879857606394,200.658729,156.489701
Магаданская область,2017,91.91815280200416,275.166561,252.92802
Магаданская область,2018,94.90683054708043,345.417076,327.824399
Магаданская область,2019,96.07098729815766,382.947833,367.901764
Магаданская область,2020,98.89418123024191,456.308225,451.262283
Магаданская область,2021,99.42700197918835,464.557102,461.895199
Магаданская область,2022,99.25234917887609,572.070528,567.793438
Магаданская область,2023,99.13054629332248,535.179615,530.526476
Мурманская область,2014,64.97117135419994,440.909368,286.463981
Мурманская область,2015,77.0753828725293,486.020309,374.602014
Мурманская область,2016,88.94378844000539,515.376001,458.39494
Мурманская область,2017,92.96422146575702,542.713373,504.529262
Мурманская область,2018,95.07202391724952,517.932465,492.408877
Мурманская область,2019,95.55903432819005,450.165155,430.173475
Мурманская область,2020,98.1348063552214,410.035817,402.387855
Мурманская область,2021,98.90696828855955,514.961912,509.333215
Мурманская область,2022,98.07939525250411,460.583106,451.737125
Мурманская область,2023,98.45145236562745,629.223718,619.479889
Нижегородская область,2014,80.29621227198793,10857.270762,8717.977178000001
Нижегородская область,2015,88.76621601343675,12145.33327,10780.952766
Нижегородская область,2016,95.53841259198926,12988.992975,12409.4777
Нижегородская область,2017,93.70712084156288,14835.210553,13901.64868
Нижегородская область,2018,86.38524604599718,16845.321434,14551.872368
Нижегородская область,2019,87.37344021797345,20335.644715,17767.952378
Нижегородская область,2020,90.47331387797128,20003.011956,18097.387792
Нижегородская область,2021,93.04603439593627,23960.543406,22294.335459
Нижегородская область,2022,94.57386604113522,27022.435294,25556.161756
Нижегородская область,2023,95.66160275648214,34638.028508,33135.293234
Новгородская область,2014,58.91116496776514,250.372859,147.497568
Новгородская область,2015,72.97298105607601,315.974452,230.575977
Новгородская область,2016,81.35657073421,312.069669,253.889181
Новгородская область,2017,81.5432617873847,327.024387,266.666352
Новгородская область,2018,97.50006086412235,349.015137,340.289971
Новгородская область,2019,98.36344729228465,270.135632,265.71472
Новгородская область,2020,98.42967306691376,265.75224,261.579061
Новгородская область,2021,98.71371457115644,303.58915,299.684127
Новгородская область,2022,98.3192156410817,341.02245,335.290598
Новгородская область,2023,98.49967870792345,385.695786,379.90911
Новосибирская область,2014,85.63129146736806,9097.840937,7790.59869
Новосибирская область,2015,92.3198895714527,10254.187597,9466.654666
Новосибирская область,2016,96.98348949904762,12296.264637,11925.346523
Новосибирская область,2017,97.51354030515799,13506.881519,13171.038354
Новосибирская область,2018,96.10646972039338,15201.329937,14609.461553
Новосибирская область,2019,91.92879052463041,10969.21015,10083.862221
Новосибирская область,2020,94.19957763065649,11107.838843,10463.537274
Новосибирская область,2021,96.1126133300151,13319.724688,12801.935486
Новосибирская область,2022,95.14008982891241,16287.650165,15496.084998
Новосибирская область,2023,95.16039736130095,21872.582607,20814.036522
Омская область,2014,71.44033464925774,1866.0377859999999,1333.103639
Омская область,2015,86.96700488953188,1888.895752,1642.716061
Омская область,2016,89.47530700276401,2012.843197,1800.99763
Омская область,2017,94.25938460504543,781.432406,736.573377
Омская область,2018,97.28943195406686,835.240607,812.600842
Омская область,2019,98.44221174197844,826.102709,813.233778
Омская область,2020,98.5401245370507,796.481364,784.853728
Омская область,2021,98.8810997815839,860.944331,851.311223
Омская область,2022,98.47930308175762,972.017489,957.236049
Омская область,2023,98.64149450956155,1063.169645,1048.726427
Оренбургская область,2014,87.67247687300585,1022.6575419999999,896.589197
Оренбургская область,2015,88.83934769964728,1214.77414,1079.197422
Оренбургская область,2016,91.79801721888555,1114.274785,1022.882159
Оренбургская область,2017,96.70279614935609,924.997191,894.498148
Оренбургская область,2018,98.47856646840982,771.285354,759.55076
Оренбургская область,2019,98.56298376108958,831.667498,819.716301
Оренбургская область,2020,98.88893674221545,944.111771,933.622092
Оренбургская область,2021,99.131260983824,1297.835229,1286.560428
Оренбургская область,2022,98.84116848090369,1462.169929,1445.225843
Оренбургская область,2023,99.01735117060801,1478.400886,1463.873397
Орловская область,2014,58.307354454745195,435.182051,253.743141
Орловская область,2015,46.18655789112202,624.868395,288.605203
Орловская область,2016,50.70677280030165,591.145556,299.750834
Орловская область,2017,86.31532392715161,402.519546,347.43605
Орловская область,2018,88.88914973846795,421.273016,374.466002
Орловская область,2019,88.27420976501325,377.776364,333.4791
Орловская область,2020,96.15264057602704,370.170406,355.92862
Орловская область,2021,98.88170450731344,435.720794,430.848148
Орловская область,2022,98.39982452882617,494.499456,486.586597
Орловская область,2023,98.65729003721647,568.65423,561.018853
Пензенская область,2014,42.737407253126456,520.2245439999999,222.330482
Пензенская область,2015,78.23803516397003,579.76787,453.59899
Пензенская область,2016,85.20710133118314,652.956957,556.365696
Пензенская область,2017,96.11659302623079,586.850365,564.060577
Пензенская область,2018,97.91535358991015,595.500222,583.086148
Пензенская область,2019,98.14603404712983,603.377909,592.191488
Пензенская область,2020,98.43523882602916,688.69922,677.922722
Пензенская область,2021,98.65775438380605,793.272548,782.624882
Пензенская область,2022,98.33253445003788,956.781386,940.827386
Пензенская область,2023,98.59165808240132,1160.535151,1144.190848
Пермский край,2014,64.81264777525352,4620.202275,2994.4754270000003
Пермский край,2015,73.24848644966421,4988.338228,3653.882251
Пермский край,2016,97.10013304662775,3779.728269,3670.121178
Пермский край,2017,98.24271421307192,3016.443449,2963.435917
Пермский край,2018,98.0818020537939,2948.187861,2891.635782
Пермский край,2019,98.48534363333371,3012.059435,2966.437085
Пермский край,2020,98.65302859433689,3223.074953,3179.661055
Пермский край,2021,98.59699988695468,4037.726118,3981.076816
Пермский край,2022,98.96479560911257,3776.877334,3737.778934
Пермский край,2023,99.18467203750639,3968.479126,3936.123006
Приморский край,2014,86.1416355788393,2031.542204,1750.003682
Приморский край,2015,73.51120460574641,2232.050111,1640.806924
Приморский край,2016,78.24922790558682,2606.936685,2039.907828
Приморский край,2017,98.63823221955111,3317.501607,3272.324939
Приморский край,2018,96.58290533126826,3596.629064,3473.728844
Приморский край,2019,91.21964980703517,4373.614532,3989.59586
Приморский край,2020,90.55027832429687,4732.503108,4285.294736
Приморский край,2021,91.04525646821544,5643.740775,5138.358263
Приморский край,2022,90.82097613081434,7027.818853,6382.733683
Приморский край,2023,89.21477135971362,7119.61079,6351.744488
Псковская область,2014,60.24522943676611,249.953924,150.585315
Псковская область,2015,66.47395145120302,292.563995,194.478848
Псковская область,2016,84.37520677593517,318.58156,268.80385
Псковская область,2017,96.34877342227549,329.427269,317.399133
Псковская область,2018,97.32548320459318,324.095067,315.42709
Псковская область,2019,97.79808343500677,247.321224,241.875417
Псковская область,2020,95.8796125708246,254.557907,244.069135
Псковская область,2021,93.85570042451549,278.521055,261.407887
Псковская область,2022,93.4086293527174,292.61175,273.324625
Псковская область,2023,95.50326857771272,332.243592,317.30349
Республика Адыгея (Адыгея),2014,59.42946770911254,93.98269099999999,55.853413
Республика Адыгея (Адыгея),2015,81.52521088278904,122.906545,100.19982
Республика Адыгея (Адыгея),2016,84.74424933056824,124.243057,105.288846
Республика Адыгея (Адыгея),2017,77.97118778135416,97.90152,76.334978
Республика Адыгея (Адыгея),2018,97.06304642131894,82.926166,80.490663
Республика Адыгея (Адыгея),2019,95.2788595060045,79.36631,75.619315
Республика Адыгея (Адыгея),2020,95.87011069647001,84.671083,81.174261
Республика Адыгея (Адыгея),2021,97.97227065019642,95.299602,93.367184
Республика Адыгея (Адыгея),2022,97.83905612817621,91.774156,89.790968
Республика Адыгея (Адыгея),2023,98.19030453888811,108.433935,106.471611
Республика Алтай,2014,72.67214836482172,19.054436,13.847268
Республика Алтай,2015,92.85472936672939,32.294662,29.987121
Республика Алтай,2016,94.11158425251539,37.111527,34.926246
Республика Алтай,2017,93.70721237995132,32.421323,30.381118
Республика Алтай,2018,93.54492666923619,50.04789,46.817262
Республика Алтай,2019,94.21919282007279,52.110612,49.098198
Республика Алтай,2020,95.61659483853397,47.069069,45.005841
Республика Алтай,2021,97.6702430446896,65.760293,64.228238
Республика Алтай,2022,98.52734696225215,84.565133,83.319782
Республика Алтай,2023,97.84233453149164,76.38946,74.741231
Республика Башкортостан,2014,73.10607171489636,4804.904413,3512.6768660000002
Республика Башкортостан,2015,69.13011950487281,4409.452415,3048.259724
Республика Башкортостан,2016,66.25964091076068,4381.997308,2903.495681
Республика Башкортостан,2017,97.68592900346928,3713.716309,3627.778277
Республика Башкортостан,2018,97.21804849513079,3936.691269,3827.174427
Республика Башкортостан,2019,96.59448209315741,3647.294667,3523.085394
Республика Башкортостан,2020,96.49591570722392,3263.965203,3149.593111
Республика Башкортостан,2021,94.42387548639371,3418.019514,3227.42649
Республика Башкортостан,2022,87.14252395827872,4247.186798,3701.105773
Республика Башкортостан,2023,83.0145865504908,4901.818154,4069.224074
Республика Бурятия,2014,85.78249170247605,339.432283,291.17347
Республика Бурятия,2015,87.37429710078646,393.304075,343.646671
Республика Бурятия,2016,96.41192753434093,362.258542,349.260443
Республика Бурятия,2017,96.9955409265697,328.797456,318.918871
Республика Бурятия,2018,95.58857689089355,321.935295,307.733367
Республика Бурятия,2019,97.17485712527039,349.353942,339.484194
Республика Бурятия,2020,97.57364098832419,380.885267,371.643623
Республика Бурятия,2021,98.02719409373027,477.189721,467.775694
Республика Бурятия,2022,98.12838134991175,586.015586,575.047609
Республика Бурятия,2023,98.73500090896357,836.634198,826.050783
Республика Дагестан,2014,70.65782732992054,197.21932200000003,139.350888
Республика Дагестан,2015,75.95798083006436,203.604022,154.653504
Республика Дагестан,2016,79.71176231972497,256.866347,204.752692
Республика Дагестан,2017,84.69171439615236,225.375185,190.874108
Республика Дагестан,2018,86.7360633037684,215.546852,186.956854
Республика Дагестан,2019,90.13458253388954,262.342289,236.461127
Республика Дагестан,2020,97.59280348452377,268.141548,261.686854
Республика Дагестан,2021,97.99146052259673,327.267802,320.694499
Республика Дагестан,2022,97.74029953490432,391.547824,382.700016
Республика Дагестан,2023,97.99898183014953,453.924264,444.841157
Республика Ингушетия,2014,69.74035173186346,30.971206000000002,21.599428
Республика Ингушетия,2015,95.95847333091844,30.814222,29.568857
Республика Ингушетия,2016,97.90144208001426,46.698449,45.718455
Республика Ингушетия,2017,98.06840154669261,40.796212,40.008193
Республика Ингушетия,2018,97.70005886309914,39.97411,39.054729
Республика Ингушетия,2019,97.56610016144197,45.197053,44.097002
Республика Ингушетия,2020,97.15706840436161,34.384401,33.406876
Республика Ингушетия,2021,98.06243921751707,47.869466,46.941966
Республика Ингушетия,2022,98.08894899547575,55.624889,54.561869
Республика Ингушетия,2023,97.9890757611034,61.003243,59.776514
Республика Калмыкия,2014,62.32965142758,41.314111999999994,25.750942
Республика Калмыкия,2015,78.55971867784532,41.184954,32.354784
Республика Калмыкия,2016,98.27209408815126,35.332653,34.722138
Республика Калмыкия,2017,97.40747123066079,24.808095,24.164938
Республика Калмыкия,2018,97.86924629971244,29.212527,28.59008
Республика Калмыкия,2019,97.21932048033851,25.797723,25.080371
Республика Калмыкия,2020,97.49228506288674,30.974653,30.197897
Республика Калмыкия,2021,97.90569311316061,34.695727,33.969092
Республика Калмыкия,2022,97.69127208238237,41.572677,40.612877
Республика Калмыкия,2023,97.96102866523776,51.829223,50.77244
Республика Карелия,2014,61.14475132674356,238.634849,145.912685
Республика Карелия,2015,81.54601935368588,269.477144,219.747884
Республика Карелия,2016,85.58569454871977,278.183185,238.085011
Республика Карелия,2017,90.49839844424557,298.604965,270.232711
Республика Карелия,2018,91.43306846420712,291.890695,266.884619
Республика Карелия,2019,87.5388571598868,223.509323,195.657507
Республика Карелия,2020,97.43728582596334,292.123994,284.637691
Республика Карелия,2021,99.50434905023359,573.922435,571.077783
Республика Карелия,2022,99.8771720101452,3825.927629,3821.228319
Республика Карелия,2023,99.73426065343018,1813.365639,1808.546813
Республика Коми,2014,72.7314122184893,585.5967800000001,425.912808
Республика Коми,2015,86.25143013488383,493.748882,425.865472
Республика Коми,2016,92.65206613782215,499.611492,462.90037
Республика Коми,2017,92.75492659197168,487.110413,451.818906
Республика Коми,2018,93.7496636167343,429.606686,402.754823
Республика Коми,2019,98.19485866101694,409.227014,401.839888
Республика Коми,2020,98.18236339665008,373.76426,366.970584
Республика Коми,2021,98.3785725763928,429.397326,422.43496
Республика Коми,2022,97.8579009013393,453.703286,443.984512
Республика Коми,2023,98.19992075667952,509.145752,499.980725
Республика Крым,2020,98.49398687230581,1608.438901,1584.2156
Республика Крым,2021,97.64596719118835,2085.103012,2036.019003
Республика Крым,2022,97.74033058759,2540.865433,2483.450274
Республика Крым,2023,97.76588543386741,2966.683088,2900.403989
Республика Крым**,2014,46.56654103863431,178.557282,83.14795
Республика Крым**,2015,93.99280351146527,560.969698,527.271146
Республика Крым**,2016,96.2443071844753,942.55206,907.1527
Республика Крым**,2017,97.86451118015816,1140.998528,1116.632632
Республика Крым**,2018,98.89520967082316,1258.129677,1244.229982
Республика Крым**,2019,98.88856494783985,1366.308267,1351.122638
Республика Марий Эл,2014,63.75133942149781,262.711365,167.482014
Республика Марий Эл,2015,78.96904404043853,254.157006,200.705358
Республика Марий Эл,2016,94.10890408331979,250.071009,235.339086
Республика Марий Эл,2017,97.45327656025555,266.581989,259.792883
Республика Марий Эл,2018,98.42910500834049,290.99679,286.425536
Республика Марий Эл,2019,97.95419138558199,269.073801,263.569066
Республика Марий Эл,2020,97.10689415501963,281.619458,273.471909
Республика Марий Эл,2021,97.69500676362632,302.521148,295.548056
Республика Марий Эл,2022,97.33362831528949,337.105365,328.116883
Республика Марий Эл,2023,99.20123823130434,839.483218,832.777747
Республика Мордовия,2014,40.440622255274356,337.086287,136.319792
Республика Мордовия,2015,78.4879112578051,361.070898,283.397006
Республика Мордовия,2016,96.3585680846866,396.173932,381.747528
Республика Мордовия,2017,97.67762096645838,414.833361,405.199358
Республика Мордовия,2018,96.81950496371321,454.302737,439.853661
Республика Мордовия,2019,97.7470582965923,516.726464,505.084918
Республика Мордовия,2020,98.24760396128917,518.622777,509.534452
Республика Мордовия,2021,99.19586662199995,544.590502,540.211268
Республика Мордовия,2022,98.94078016561755,693.585577,686.238981
Республика Мордовия,2023,99.2098493212908,866.269964,859.425126
Республика Саха (Якутия),2014,77.66487261914868,589.687651,457.980163
Республика Саха (Якутия),2015,90.71727517644611,664.737824,603.032041
Республика Саха (Якутия),2016,94.97449518890578,792.189949,752.378405
Республика Саха (Якутия),2017,97.4853526766553,784.077386,764.360605
Республика Саха (Якутия),2018,97.85740880923714,702.634598,687.580011
Республика Саха (Якутия),2019,97.8475185581893,752.022047,735.834912
Республика Саха (Якутия),2020,98.2329757038339,678.263679,666.278595
Республика Саха (Якутия),2021,98.3815469900411,828.319631,814.913667
Республика Саха (Якутия),2022,98.17958920605679,1017.172446,998.655729
Республика Саха (Якутия),2023,98.67285113268215,1098.864367,1084.280801
Республика Северная Осетия-Алания,2014,75.6824845282709,95.938695,72.608788
Республика Северная Осетия-Алания,2015,85.71468184528882,104.61907,89.673903
Республика Северная Осетия-Алания,2016,83.80554607615595,100.258342,84.022051
Республика Северная Осетия-Алания,2017,93.8682163022954,72.966142,68.492016
Республика Северная Осетия-Алания,2018,94.78094997143536,65.549592,62.128526
Республика Северная Осетия-Алания,2019,94.16656099034556,75.411091,71.012031
Республика Северная Осетия-Алания,2020,97.43083785466786,82.868417,80.739393
Республика Северная Осетия-Алания,2021,97.95489281382349,105.50381,103.346144
Республика Северная Осетия-Алания,2022,97.59629627926905,133.990016,130.769293
Республика Северная Осетия-Алания,2023,98.1811721301356,177.486504,174.25833
Республика Татарстан (Татарстан),2014,83.4009456512133,8792.236168000001,7332.808108000001
Республика Татарстан (Татарстан),2015,90.48927363292057,8844.62785,8003.439497
Республика Татарстан (Татарстан),2016,90.34893925959967,9958.342962,8997.257234
Республика Татарстан (Татарстан),2017,98.96517509553576,9312.703394,9216.33322
Республика Татарстан (Татарстан),2018,97.72934721511632,9125.07374,8917.874999
Республика Татарстан (Татарстан),2019,99.28242380536588,8801.609428,8738.451174
Республика Татарстан (Татарстан),2020,98.94149413307093,8167.776363,8081.319971
Республика Татарстан (Татарстан),2021,98.76316744526538,7948.237425,7849.931037
Республика Татарстан (Татарстан),2022,99.33582988403916,9360.501249,9298.331597
Республика Татарстан (Татарстан),2023,99.43565397239288,11184.891877,11121.770384
Республика Тыва,2014,39.73970572302405,39.402403,15.658399
Республика Тыва,2015,60.75143344177734,42.693921,25.937169
Республика Тыва,2016,77.4412370847237,40.477357,31.346166
Республика Тыва,2017,83.16777881767122,46.439587,38.622773
Республика Тыва,2018,89.85073416599813,47.775367,42.926518
Республика Тыва,2019,94.54477286464012,50.380817,47.632429
Республика Тыва,2020,95.83160327535799,57.782264,55.37367
Республика Тыва,2021,96.30226211653564,70.077601,67.486315
Республика Тыва,2022,96.73393966053047,83.244053,80.525252
Республика Тыва,2023,97.20581425746745,102.684548,99.815351
Республика Хакасия,2014,20.556542276137506,186.603542,38.359236
Республика Хакасия,2015,64.67850718956979,198.137308,128.152253
Республика Хакасия,2016,97.11442055117011,231.919797,225.227567
Республика Хакасия,2017,98.12992540786662,229.546726,225.254031
Республика Хакасия,2018,98.38703815158584,236.367029,232.554519
Республика Хакасия,2019,98.97603545974403,265.956573,263.233272
Республика Хакасия,2020,99.1409164977891,301.342069,298.753289
Республика Хакасия,2021,99.28038616510516,340.663406,338.211945
Республика Хакасия,2022,99.02688532956954,383.561785,379.829289
Республика Хакасия,2023,99.049044388361,414.73124,410.78733
Ростовская область,2014,54.8183798990186,4833.197566,2649.480603
Ростовская область,2015,74.9299005752124,5818.144389,4359.529806
Ростовская область,2016,88.62209203799412,6629.486462,5875.189594
Ростовская область,2017,90.66368995059494,7625.822367,6913.851947
Ростовская область,2018,81.2392688444788,8913.69758,7241.422741
Ростовская область,2019,80.2728068340576,9327.392141,7487.359476
Ростовская область,2020,88.78194027027332,9695.985502,8608.284057
Ростовская область,2021,91.83102935792132,11431.700846,10497.84856
Ростовская область,2022,95.56502190803249,12325.101312,11778.485769
Ростовская область,2023,95.35000497945464,16737.124095,15958.848658
Рязанская область,2014,78.3290282852983,625.174209,489.692883
Рязанская область,2015,83.31484815386987,689.871582,574.765461
Рязанская область,2016,93.53396454873953,745.250399,697.062244
Рязанская область,2017,97.15744556010353,791.803903,769.296446
Рязанская область,2018,98.38654201644857,810.376975,797.301883
Рязанская область,2019,98.6096132837575,744.0184,733.673667
Рязанская область,2020,98.63926097640378,790.705037,779.945605
Рязанская область,2021,99.03312133719251,1092.836403,1082.270001
Рязанская область,2022,98.50403495777306,1075.740378,1059.647678
Рязанская область,2023,98.697639974757,1246.782893,1230.545291
Самарская область,2014,72.59006005898425,5207.638689,3780.2280520000004
Самарская область,2015,82.16810278386093,6411.922047,5268.554698
Самарская область,2016,87.44723836799277,5597.226408,4894.619919
Самарская область,2017,96.18851582591445,5993.289033,5764.85577
Самарская область,2018,95.41750881083009,6569.540771,6268.492144
Самарская область,2019,95.03468092833495,6708.520826,6375.421362
Самарская область,2020,94.48725941321848,6160.706869,5821.083081
Самарская область,2021,96.67165412329071,7665.501587,7410.367181
Самарская область,2022,96.17051815595534,8767.9027,8432.137458
Самарская область,2023,98.01869085879642,10726.32254,10513.800931
Саратовская область,2014,91.31965777255425,1251.705453,1143.053136
Саратовская область,2015,90.95594378762965,1543.403764,1403.81746
Саратовская область,2016,95.7611024087507,1541.982027,1476.618988
Саратовская область,2017,97.37933061815627,1363.619358,1327.883403
Саратовская область,2018,95.11613975385583,1249.116906,1188.111782
Саратовская область,2019,97.8623120792847,1069.578996,1046.714735
Саратовская область,2020,98.60047400245573,1072.24339,1057.237065
Саратовская область,2021,96.56833035947928,1244.704662,1201.99051
Саратовская область,2022,94.12759654836069,1287.096478,1211.51298
Саратовская область,2023,96.16065913425238,1550.281079,1490.760504
Сахалинская область,2014,96.02862691087284,412.421866,396.043055
Сахалинская область,2015,97.05535995964827,609.99629,592.034095
Сахалинская область,2016,96.82874728122594,746.496388,722.823101
Сахалинская область,2017,98.1981431898493,830.668337,815.700883
Сахалинская область,2018,99.00466206107264,977.927558,968.193874
Сахалинская область,2019,98.84261102300805,800.58383,791.317961
Сахалинская область,2020,99.10819142817762,928.998135,920.71325
Сахалинская область,2021,99.21069005100188,970.033763,962.37719
Сахалинская область,2022,99.02172900915699,1246.319692,1234.127308
Сахалинская область,2023,98.39082359166473,1491.931952,1467.924135
Свердловская область,2014,91.31456275953056,10343.696754999999,9445.301465
Свердловская область,2015,92.48946384442417,11142.80718,10305.922618
Свердловская область,2016,92.36280404605326,12680.53995,11712.102266
Свердловская область,2017,93.36239046139123,13927.182544,13002.750547
Свердловская область,2018,92.25459965952695,15622.241457,14412.236314
Свердловская область,2019,92.25769972321764,16566.236947,15283.629138
Свердловская область,2020,92.2700197124812,17085.8248,15765.093911
Свердловская область,2021,93.37627521222201,20857.875882,19476.307587
Свердловская область,2022,92.45560867164303,22509.661616,20811.444657
Свердловская область,2023,91.9378990186654,25526.156752,23468.212218
Смоленская область,2014,62.79643352302451,327.13190299999997,205.427168
Смоленская область,2015,88.53108624733787,435.647116,385.683124
Смоленская область,2016,98.5057753974098,466.649792,459.676996
Смоленская область,2017,96.5176716271402,501.38224,483.922464
Смоленская область,2018,98.79386010399533,513.928444,507.729748
Смоленская область,2019,98.6943828580774,487.338194,480.975423
Смоленская область,2020,98.87551026537832,548.519725,542.351677
Смоленская область,2021,99.20150809081913,664.947752,659.638198
Смоленская область,2022,98.89799375897526,759.887711,751.513701
Смоленская область,2023,99.03070227748401,862.18783,853.830663
Ставропольский край,2014,67.22893699511252,1674.081936,1125.46749
Ставропольский край,2015,86.2366194361307,1876.202789,1617.973859
Ставропольский край,2016,91.28492714451994,2038.16583,1860.538193
Ставропольский край,2017,89.1189995392238,2164.606121,1929.075319
Ставропольский край,2018,91.81837120511322,2516.87713,2310.955586
Ставропольский край,2019,92.39771389284643,2549.760273,2355.920202
Ставропольский край,2020,93.49054283282204,2545.040819,2379.372477
Ставропольский край,2021,98.41445524856785,2776.908817,2732.879685
Ставропольский край,2022,98.12446974794892,3020.557623,2963.906151
Ставропольский край,2023,97.94951722914297,3453.522361,3382.70848
Тамбовская область,2014,65.06925174584909,417.54182,271.69133800000003
Тамбовская область,2015,81.28739258959091,497.311438,404.251501
Тамбовская область,2016,94.51048545685087,507.296971,479.44883
Тамбовская область,2017,95.63720667526589,472.145148,451.546431
Тамбовская область,2018,97.83981266087577,427.901221,418.657753
Тамбовская область,2019,98.0964049317143,422.023472,413.989854
Тамбовская область,2020,98.29147550495738,456.242215,448.447205
Тамбовская область,2021,98.72562272131609,554.983451,547.910868
Тамбовская область,2022,98.43275738490571,674.975712,664.397205
Тамбовская область,2023,98.57175435613111,734.00798,723.524543
Тверская область,2014,83.41754331568559,547.224514,456.481246
Тверская область,2015,90.78753716179409,622.539575,565.188348
Тверская область,2016,94.73408475209919,627.050616,594.030662
Тверская область,2017,96.62417277288738,672.488385,649.786339
Тверская область,2018,96.85535104777216,757.535145,733.713324
Тверская область,2019,96.53759824573909,726.182511,701.039155
Тверская область,2020,97.18054696625342,870.006654,845.477225
Тверская область,2021,97.33147331711098,885.6912,862.056294
Тверская область,2022,97.42014063561804,1014.050082,987.889016
Тверская область,2023,97.69258239662707,1124.932607,1098.975714
Томская область,2014,44.05546046510656,1100.867075,484.99205900000004
Томская область,2015,84.19862057171999,1350.876466,1137.41935
Томская область,2016,91.51364327388185,1704.814453,1560.137817
Томская область,2017,92.22137236949378,1790.089237,1650.844861
Томская область,2018,98.38438931834713,1755.452927,1727.091642
Томская область,2019,98.95437924815381,1952.83213,1932.412912
Томская область,2020,98.02281153940585,1681.399809,1648.155366
Томская область,2021,94.39072079121917,1949.559238,1840.203017
Томская область,2022,98.64010378830244,1097.362201,1082.439214
Томская область,2023,98.8800943384607,1045.496813,1033.788235
Тульская область,2014,49.4249539940132,1075.740973,531.684481
Тульская область,2015,64.6175452681446,1432.888913,925.897642
Тульская область,2016,59.061824387075625,1381.101003,815.703449
Тульская область,2017,97.24202492717325,1449.39178,1409.417916
Тульская область,2018,97.70015247946979,1640.641854,1602.909593
Тульская область,2019,98.30913990782004,1800.168396,1769.730067
Тульская область,2020,98.9698116215332,1694.671612,1677.213302
Тульская область,2021,99.21839097766302,1954.481021,1939.204621
Тульская область,2022,99.01701971668179,2026.153763,2006.237071
Тульская область,2023,99.15709577051956,2075.210847,2057.718807
Тюменская область,2014,36.14790777048735,8616.716159,3114.76261
Тюменская область,2015,44.76758739655019,8647.563644,3871.305612
Тюменская область,2016,69.44438943224318,9094.750088,6315.793669
Тюменская область,2017,85.39118051751376,9980.784421,8522.709642
Тюменская область,2018,76.03142285111379,11020.400496,8378.967301
Тюменская область,2019,74.76410047558932,11250.344004,8411.218495
Тюменская область,2020,81.74270658387324,9678.312813,7911.314845
Тюменская область,2021,78.49790243029459,12506.951465,9817.694558
Тюменская область,2022,76.57577720664696,13312.468975,10194.126583
Тюменская область,2023,74.27117828118631,10664.244457,7920.460013
Удмуртская Республика,2014,47.15588666654871,1132.336645,533.963385
Удмуртская Республика,2015,69.28553932152627,1391.725619,964.264601
Удмуртская Республика,2016,97.24402946208605,1389.563113,1351.267163
Удмуртская Республика,2017,97.15589952307576,1231.783486,1196.750326
Удмуртская Республика,2018,98.65610242599898,1310.635672,1293.022071
Удмуртская Республика,2019,98.77608241386562,1318.38689,1302.250921
Удмуртская Республика,2020,98.70523514635164,1205.275302,1189.669821
Удмуртская Республика,2021,98.90321522502789,1443.838879,1428.003074
Удмуртская Республика,2022,98.72373415759422,1533.992633,1514.414809
Удмуртская Республика,2023,98.96001243799869,1770.149728,1751.740391
Ульяновская область,2014,76.30299690879028,819.9653950000001,625.65817
Ульяновская область,2015,76.58211268636764,883.264392,676.422532
Ульяновская область,2016,93.57193110378223,849.453481,794.850026
Ульяновская область,2017,98.46749547089082,948.700361,934.161485
Ульяновская область,2018,98.84028572840326,908.979846,898.438277
Ульяновская область,2019,98.56965203251507,776.665067,765.556054
Ульяновская область,2020,98.86874356271682,660.841676,653.365862
Ульяновская область,2021,99.10841579857085,773.845363,766.94588
Ульяновская область,2022,98.73513112155902,827.21942,816.756179
Ульяновская область,2023,98.90877919787239,926.495076,916.384969
Хабаровский край,2014,43.94610312569161,3498.6950620000002,1537.54014
Хабаровский край,2015,77.05419609374502,3437.493113,2648.732684
Хабаровский край,2016,84.36233774636513,3419.923153,2885.127121
Хабаровский край,2017,86.79420911202938,3816.641474,3312.623782
Хабаровский край,2018,90.56619262438242,4170.704736,3777.248485
Хабаровский край,2019,92.9686642966375,4624.453912,4299.293033
Хабаровский край,2020,92.30840494617047,4797.081157,4428.1091
Хабаровский край,2021,95.8411912316885,4470.96434,4285.025483
Хабаровский край,2022,97.74445276369526,4989.895099,4877.345658
Хабаровский край,2023,97.59118036640328,5453.630366,5322.262247
Челябинская область,2014,70.03949041861776,3855.685134,2700.5022199999994
Челябинская область,2015,71.56741842102693,3762.568355,2692.773038
Челябинская область,2016,77.29140170443226,4013.030237,3101.727321
Челябинская область,2017,89.64846495555517,4514.796704,4047.445941
Челябинская область,2018,91.51278490299653,4748.084011,4345.103908
Челябинская область,2019,95.3576979238349,5354.248494,5105.688105
Челябинская область,2020,95.95465200702887,5621.318151,5393.91627
Челябинская область,2021,96.4062768456235,7332.130876,7068.634391
Челябинская область,2022,96.74190900595374,9053.574886,8758.601178
Челябинская область,2023,97.10657300870494,10881.78568,10566.929156
Чеченская Республика,2014,95.62733728406246,114.09235799999999,109.10348400000001
Чеченская Республика,2015,96.7689411046011,161.901289,156.670163
Чеченская Республика,2016,95.7129786995538,181.601407,173.816116
Чеченская Республика,2017,95.1311352639729,129.709313,123.393942
Чеченская Республика,2018,96.09784775627828,165.567169,159.106486
Чеченская Республика,2019,96.2172665149971,199.216414,191.680588
Чеченская Республика,2020,97.42358329307578,226.940851,221.093909
Чеченская Республика,2021,98.00024277750025,257.890455,252.733272
Чеченская Республика,2022,98.31013413605072,328.277594,322.730143
Чеченская Республика,2023,98.42497835858451,335.272663,329.992046
Чувашская Республика - Чувашия,2014,50.18870516012305,392.330024,196.90535899999998
Чувашская Республика - Чувашия,2015,71.26647836427104,449.775832,320.539396
Чувашская Республика - Чувашия,2016,91.24139765299776,508.909952,464.336553
Чувашская Республика - Чувашия,2017,88.04321399700376,531.932929,468.330847
Чувашская Республика - Чувашия,2018,78.75580198964283,653.300675,514.512186
Чувашская Республика - Чувашия,2019,78.74223911917137,626.592536,493.392993
Чувашская Республика - Чувашия,2020,93.51954518263683,539.641491,504.670268
Чувашская Республика - Чувашия,2021,93.89880031201906,573.895722,538.881198
Чувашская Республика - Чувашия,2022,93.47025558741169,689.906161,644.857052
Чувашская Республика - Чувашия,2023,98.70290798304636,849.929061,838.904699
Чукотский автономный округ,2014,96.672721322373,6.8536790000000005,6.625638
Чукотский автономный округ,2015,93.27774845303276,4.313763,4.023781
Чукотский автономный округ,2016,93.19684214714738,4.071374,3.794392
Чукотский автономный округ,2017,94.6848378149164,3.651723,3.457628
Ярославская область,2014,78.91561042072497,1607.559786,1268.615618
Ярославская область,2015,87.90644541506154,1598.285836,1404.996266
Ярославская область,2016,95.39936104312102,1788.549803,1706.265084
Ярославская область,2017,96.37537385209313,1724.098278,1661.606161
Ярославская область,2018,98.32108159923644,1444.391996,1420.141833
Ярославская область,2019,98.93127115676741,1678.194999,1660.259645
Ярославская область,2020,99.1197237455298,1779.131826,1763.470551
Ярославская область,2021,99.27059127718306,2185.414501,2169.473897
Ярославская область,2022,65.62149704933111,2888.37389,1895.394187
Ярославская область,2023,37.071671163356974,4094.972542,1518.074755
г. Москва и Московская область,2014,78.17728480857275,311184.999054,243275.98299199998
г. Москва и Московская область,2015,79.10883549428813,299939.17732,237278.390369
г. Москва и Московская область,2016,75.29843318920571,280959.685309,211558.240931
г. Москва и Московская область,2017,77.34227618924513,306841.505562,237318.204695
г. Москва и Московская область,2018,80.07520948880486,352604.963302,282349.163032
г. Москва и Московская область,2019,82.71097987994011,395559.342323,327171.008042
г. Москва и Московская область,2020,81.5188201246047,435015.433636,354619.44886
г. Москва и Московская область,2021,83.07854734284204,581551.481033,483144.522493
г. Москва и Московская область,2022,93.26228211338851,991505.10277,924700.286114
г. Москва и Московская область,2023,90.3169223898182,817443.512554,738289.822814
г. Санкт-Петербург,2014,75.11571171023786,27857.424658,20925.302795999996
г. Санкт-Петербург,2015,81.92245669175287,29172.717919,23899.007203
г. Санкт-Петербург,2016,90.72941782213039,29899.144658,27127.319882
г. Санкт-Петербург,2017,89.2020212612059,32047.565852,28587.076505
г. Санкт-Петербург,2018,90.40962990485428,35358.895062,31967.846164
г. Санкт-Петербург,2019,91.8450310342106,42315.430929,38864.620669
г. Санкт-Петербург,2020,93.31141712546702,41301.208624,38538.743057
г. Санкт-Петербург,2021,90.36089704374135,47605.596909,43016.84441
г. Санкт-Петербург,2022,82.58445028773022,56678.145583,46807.334963
г. Санкт-Петербург,2023,79.28783647674005,63640.704585,50459.337784
г. Севастополь,2020,99.97871921818623,35.299455,35.291943
г. Севастополь,2021,100.0,4.237147,4.237147
г. Севастополь**,2014,89.92585997544253,21.129208,19.000622
г. Севастополь**,2015,81.88647237202193,85.039846,69.63613
г. Севастополь**,2016,93.27646981659277,99.390734,92.708168
г. Севастополь**,2017,98.51930792096945,85.01977,83.760889
г. Севастополь**,2018,99.99044296412646,78.015821,78.008365
г. Севастополь**,2019,99.99168197483537,73.274604,73.268509
